hepatitis hemophilia,Disease npadvmod associated amod Australia pobj to prep Development nmod antigen prep in pobj patients prep with pobj Disease,Development and persistence of antibody to hepatitis-associated (Australia) antigen in patients with hemophilia.
hepatitis hemophilia,Disease npadvmod associated amod Australia pobj to prep Development nmod antigen prep in pobj patients prep with pobj Disease,Development and persistence of antibody to hepatitis-associated (Australia) antigen in patients with hemophilia.
Pseudoparalytic_myasthenia_gravis autoimmune_disease,Disease prep as pobj Disease,[Pseudoparalytic_myasthenia_gravis as autoimmune_disease].
choreoathetosis familial_thyroxine_binding_globulin_deficiency,Disease prep with pobj Disease,[A case of movement-induced (kinesigenic) paroxysmal choreoathetosis with familial_thyroxine_binding_globulin_deficiency].
panencephalitis rabies,Disease conj measles conj Disease,"Subacute sclerosing panencephalitis, measles, rabies and progressive multifocal leukoencephalopathy."
panencephalitis leukoencephalopathy,Disease conj measles conj rabies conj Disease,"Subacute sclerosing panencephalitis, measles, rabies and progressive multifocal leukoencephalopathy."
diabetes keto_acidosis,Disease pobj of prep aspects prep with pobj Disease,[Little-known hormonal and metabolic aspects of diabetes with keto_acidosis].
hepatitis hemophilia,Disease npadvmod associated amod Australia pobj to prep Development nmod antigen prep in pobj patients prep with pobj Disease,Development and persistence of antibody to hepatitis-associated (Australia) antigen in patients with hemophilia.
hepatitis hemophilia,Disease npadvmod associated amod Australia pobj to prep Development nmod antigen prep in pobj patients prep with pobj Disease,Development and persistence of antibody to hepatitis-associated (Australia) antigen in patients with hemophilia.
Pseudoparalytic_myasthenia_gravis autoimmune_disease,Disease prep as pobj Disease,[Pseudoparalytic_myasthenia_gravis as autoimmune_disease].
choreoathetosis familial_thyroxine_binding_globulin_deficiency,Disease prep with pobj Disease,[A case of movement-induced (kinesigenic) paroxysmal choreoathetosis with familial_thyroxine_binding_globulin_deficiency].
panencephalitis rabies,Disease conj measles conj Disease,"Subacute sclerosing panencephalitis, measles, rabies and progressive multifocal leukoencephalopathy."
panencephalitis leukoencephalopathy,Disease conj measles conj rabies conj Disease,"Subacute sclerosing panencephalitis, measles, rabies and progressive multifocal leukoencephalopathy."
diabetes keto_acidosis,Disease pobj of prep aspects prep with pobj Disease,[Little-known hormonal and metabolic aspects of diabetes with keto_acidosis].
hepatitis hemophilia,Disease npadvmod associated amod Australia pobj to prep Development nmod antigen prep in pobj patients prep with pobj Disease,Development and persistence of antibody to hepatitis-associated (Australia) antigen in patients with hemophilia.
hepatitis hemophilia,Disease npadvmod associated amod Australia pobj to prep Development nmod antigen prep in pobj patients prep with pobj Disease,Development and persistence of antibody to hepatitis-associated (Australia) antigen in patients with hemophilia.
Pseudoparalytic_myasthenia_gravis autoimmune_disease,Disease prep as pobj Disease,[Pseudoparalytic_myasthenia_gravis as autoimmune_disease].
choreoathetosis familial_thyroxine_binding_globulin_deficiency,Disease prep with pobj Disease,[A case of movement-induced (kinesigenic) paroxysmal choreoathetosis with familial_thyroxine_binding_globulin_deficiency].
panencephalitis rabies,Disease conj measles conj Disease,"Subacute sclerosing panencephalitis, measles, rabies and progressive multifocal leukoencephalopathy."
panencephalitis leukoencephalopathy,Disease conj measles conj rabies conj Disease,"Subacute sclerosing panencephalitis, measles, rabies and progressive multifocal leukoencephalopathy."
diabetes keto_acidosis,Disease pobj of prep aspects prep with pobj Disease,[Little-known hormonal and metabolic aspects of diabetes with keto_acidosis].
hepatitis hemophilia,Disease npadvmod associated amod Australia pobj to prep Development nmod antigen prep in pobj patients prep with pobj Disease,Development and persistence of antibody to hepatitis-associated (Australia) antigen in patients with hemophilia.
hepatitis hemophilia,Disease npadvmod associated amod Australia pobj to prep Development nmod antigen prep in pobj patients prep with pobj Disease,Development and persistence of antibody to hepatitis-associated (Australia) antigen in patients with hemophilia.
Pseudoparalytic_myasthenia_gravis autoimmune_disease,Disease prep as pobj Disease,[Pseudoparalytic_myasthenia_gravis as autoimmune_disease].
choreoathetosis familial_thyroxine_binding_globulin_deficiency,Disease prep with pobj Disease,[A case of movement-induced (kinesigenic) paroxysmal choreoathetosis with familial_thyroxine_binding_globulin_deficiency].
panencephalitis rabies,Disease conj measles conj Disease,"Subacute sclerosing panencephalitis, measles, rabies and progressive multifocal leukoencephalopathy."
panencephalitis leukoencephalopathy,Disease conj measles conj rabies conj Disease,"Subacute sclerosing panencephalitis, measles, rabies and progressive multifocal leukoencephalopathy."
diabetes keto_acidosis,Disease pobj of prep aspects prep with pobj Disease,[Little-known hormonal and metabolic aspects of diabetes with keto_acidosis].
hepatitis hemophilia,Disease npadvmod associated amod Australia pobj to prep Development nmod antigen prep in pobj patients prep with pobj Disease,Development and persistence of antibody to hepatitis-associated (Australia) antigen in patients with hemophilia.
hepatitis hemophilia,Disease npadvmod associated amod Australia pobj to prep Development nmod antigen prep in pobj patients prep with pobj Disease,Development and persistence of antibody to hepatitis-associated (Australia) antigen in patients with hemophilia.
Pseudoparalytic_myasthenia_gravis autoimmune_disease,Disease prep as pobj Disease,[Pseudoparalytic_myasthenia_gravis as autoimmune_disease].
choreoathetosis familial_thyroxine_binding_globulin_deficiency,Disease prep with pobj Disease,[A case of movement-induced (kinesigenic) paroxysmal choreoathetosis with familial_thyroxine_binding_globulin_deficiency].
panencephalitis rabies,Disease conj measles conj Disease,"Subacute sclerosing panencephalitis, measles, rabies and progressive multifocal leukoencephalopathy."
panencephalitis leukoencephalopathy,Disease conj measles conj rabies conj Disease,"Subacute sclerosing panencephalitis, measles, rabies and progressive multifocal leukoencephalopathy."
diabetes keto_acidosis,Disease pobj of prep aspects prep with pobj Disease,[Little-known hormonal and metabolic aspects of diabetes with keto_acidosis].
hepatitis hemophilia,Disease npadvmod associated amod Australia pobj to prep Development nmod antigen prep in pobj patients prep with pobj Disease,Development and persistence of antibody to hepatitis-associated (Australia) antigen in patients with hemophilia.
hepatitis hemophilia,Disease npadvmod associated amod Australia pobj to prep Development nmod antigen prep in pobj patients prep with pobj Disease,Development and persistence of antibody to hepatitis-associated (Australia) antigen in patients with hemophilia.
Pseudoparalytic_myasthenia_gravis autoimmune_disease,Disease prep as pobj Disease,[Pseudoparalytic_myasthenia_gravis as autoimmune_disease].
choreoathetosis familial_thyroxine_binding_globulin_deficiency,Disease prep with pobj Disease,[A case of movement-induced (kinesigenic) paroxysmal choreoathetosis with familial_thyroxine_binding_globulin_deficiency].
panencephalitis rabies,Disease conj measles conj Disease,"Subacute sclerosing panencephalitis, measles, rabies and progressive multifocal leukoencephalopathy."
panencephalitis leukoencephalopathy,Disease conj measles conj rabies conj Disease,"Subacute sclerosing panencephalitis, measles, rabies and progressive multifocal leukoencephalopathy."
diabetes keto_acidosis,Disease pobj of prep aspects prep with pobj Disease,[Little-known hormonal and metabolic aspects of diabetes with keto_acidosis].
,Disease npadvmod associated amod Australia pobj to prep Development nmod antigen prep in pobj patients prep with pobj Disease,Development and persistence of antibody to hepatitis-associated (Australia) antigen in patients with hemophilia.
,Disease npadvmod associated amod Australia pobj to prep Development nmod antigen prep in pobj patients prep with pobj Disease,Development and persistence of antibody to hepatitis-associated (Australia) antigen in patients with hemophilia.
,Disease prep as pobj Disease,[Pseudoparalytic_myasthenia_gravis as autoimmune_disease].
,Disease prep with pobj Disease,[A case of movement-induced (kinesigenic) paroxysmal choreoathetosis with familial_thyroxine_binding_globulin_deficiency].
,Disease conj measles conj Disease,"Subacute sclerosing panencephalitis, measles, rabies and progressive multifocal leukoencephalopathy."
,Disease conj measles conj rabies conj Disease,"Subacute sclerosing panencephalitis, measles, rabies and progressive multifocal leukoencephalopathy."
,Disease pobj of prep aspects prep with pobj Disease,[Little-known hormonal and metabolic aspects of diabetes with keto_acidosis].
,Disease npadvmod associated amod Australia pobj to prep Development nmod antigen prep in pobj patients prep with pobj Disease,Development and persistence of antibody to hepatitis-associated (Australia) antigen in patients with hemophilia.
,Disease npadvmod associated amod Australia pobj to prep Development nmod antigen prep in pobj patients prep with pobj Disease,Development and persistence of antibody to hepatitis-associated (Australia) antigen in patients with hemophilia.
,Disease prep as pobj Disease,[Pseudoparalytic_myasthenia_gravis as autoimmune_disease].
,Disease prep with pobj Disease,[A case of movement-induced (kinesigenic) paroxysmal choreoathetosis with familial_thyroxine_binding_globulin_deficiency].
,Disease conj measles conj Disease,"Subacute sclerosing panencephalitis, measles, rabies and progressive multifocal leukoencephalopathy."
,Disease conj measles conj rabies conj Disease,"Subacute sclerosing panencephalitis, measles, rabies and progressive multifocal leukoencephalopathy."
,Disease pobj of prep aspects prep with pobj Disease,[Little-known hormonal and metabolic aspects of diabetes with keto_acidosis].
hepatitis hemophilia,Disease npadvmod associated amod Australia pobj to prep Development nmod antigen prep in pobj patients prep with pobj Disease,Development and persistence of antibody to hepatitis-associated (Australia) antigen in patients with hemophilia.
hepatitis hemophilia,Disease npadvmod associated amod Australia pobj to prep Development nmod antigen prep in pobj patients prep with pobj Disease,Development and persistence of antibody to hepatitis-associated (Australia) antigen in patients with hemophilia.
Pseudoparalytic_myasthenia_gravis autoimmune_disease,Disease prep as pobj Disease,[Pseudoparalytic_myasthenia_gravis as autoimmune_disease].
choreoathetosis familial_thyroxine_binding_globulin_deficiency,Disease prep with pobj Disease,[A case of movement-induced (kinesigenic) paroxysmal choreoathetosis with familial_thyroxine_binding_globulin_deficiency].
panencephalitis rabies,Disease conj measles conj Disease,"Subacute sclerosing panencephalitis, measles, rabies and progressive multifocal leukoencephalopathy."
panencephalitis leukoencephalopathy,Disease conj measles conj rabies conj Disease,"Subacute sclerosing panencephalitis, measles, rabies and progressive multifocal leukoencephalopathy."
diabetes keto_acidosis,Disease pobj of prep aspects prep with pobj Disease,[Little-known hormonal and metabolic aspects of diabetes with keto_acidosis].
