patients hepatitis,Species prep with pobj forms prep of pobj Disease,Australia antigen immune complexes in patients with different forms of hepatitis.
patients chronic_renal_insufficiency,Species prep with pobj Disease,[Effectiveness of therapy of patients with chronic_renal_insufficiency by the use of polysynthetic penicillins].
patients penicillins,Species pobj of prep therapy prep by pobj use prep of pobj Chemical,[Effectiveness of therapy of patients with chronic_renal_insufficiency by the use of polysynthetic penicillins].
chronic_renal_insufficiency penicillins,Disease pobj with prep patients pobj of prep therapy prep by pobj use prep of pobj Chemical,[Effectiveness of therapy of patients with chronic_renal_insufficiency by the use of polysynthetic penicillins].
children allergic_to_pollens,Species pobj in prep antibodies pobj of prep variations nsubj Disease,In vitro diagnosis of atopic allergy. IV. Seasonal variations of IgE antibodies in children allergic_to_pollens.
patients hepatitis,Species prep with pobj forms prep of pobj Disease,Australia antigen immune complexes in patients with different forms of hepatitis.
patients chronic_renal_insufficiency,Species prep with pobj Disease,[Effectiveness of therapy of patients with chronic_renal_insufficiency by the use of polysynthetic penicillins].
patients penicillins,Species pobj of prep therapy prep by pobj use prep of pobj Chemical,[Effectiveness of therapy of patients with chronic_renal_insufficiency by the use of polysynthetic penicillins].
chronic_renal_insufficiency penicillins,Disease pobj with prep patients pobj of prep therapy prep by pobj use prep of pobj Chemical,[Effectiveness of therapy of patients with chronic_renal_insufficiency by the use of polysynthetic penicillins].
children allergic_to_pollens,Species pobj in prep antibodies pobj of prep variations nsubj Disease,In vitro diagnosis of atopic allergy. IV. Seasonal variations of IgE antibodies in children allergic_to_pollens.
patients hepatitis,Species prep with pobj forms prep of pobj Disease,Australia antigen immune complexes in patients with different forms of hepatitis.
patients chronic_renal_insufficiency,Species prep with pobj Disease,[Effectiveness of therapy of patients with chronic_renal_insufficiency by the use of polysynthetic penicillins].
patients penicillins,Species pobj of prep therapy prep by pobj use prep of pobj Chemical,[Effectiveness of therapy of patients with chronic_renal_insufficiency by the use of polysynthetic penicillins].
chronic_renal_insufficiency penicillins,Disease pobj with prep patients pobj of prep therapy prep by pobj use prep of pobj Chemical,[Effectiveness of therapy of patients with chronic_renal_insufficiency by the use of polysynthetic penicillins].
children allergic_to_pollens,Species pobj in prep antibodies pobj of prep variations nsubj Disease,In vitro diagnosis of atopic allergy. IV. Seasonal variations of IgE antibodies in children allergic_to_pollens.
patients hepatitis,Species prep with pobj forms prep of pobj Disease,Australia antigen immune complexes in patients with different forms of hepatitis.
patients chronic_renal_insufficiency,Species prep with pobj Disease,[Effectiveness of therapy of patients with chronic_renal_insufficiency by the use of polysynthetic penicillins].
patients penicillins,Species pobj of prep therapy prep by pobj use prep of pobj Chemical,[Effectiveness of therapy of patients with chronic_renal_insufficiency by the use of polysynthetic penicillins].
chronic_renal_insufficiency penicillins,Disease pobj with prep patients pobj of prep therapy prep by pobj use prep of pobj Chemical,[Effectiveness of therapy of patients with chronic_renal_insufficiency by the use of polysynthetic penicillins].
children allergic_to_pollens,Species pobj in prep antibodies pobj of prep variations nsubj Disease,In vitro diagnosis of atopic allergy. IV. Seasonal variations of IgE antibodies in children allergic_to_pollens.
patients hepatitis,Species prep with pobj forms prep of pobj Disease,Australia antigen immune complexes in patients with different forms of hepatitis.
patients chronic_renal_insufficiency,Species prep with pobj Disease,[Effectiveness of therapy of patients with chronic_renal_insufficiency by the use of polysynthetic penicillins].
patients penicillins,Species pobj of prep therapy prep by pobj use prep of pobj Chemical,[Effectiveness of therapy of patients with chronic_renal_insufficiency by the use of polysynthetic penicillins].
chronic_renal_insufficiency penicillins,Disease pobj with prep patients pobj of prep therapy prep by pobj use prep of pobj Chemical,[Effectiveness of therapy of patients with chronic_renal_insufficiency by the use of polysynthetic penicillins].
children allergic_to_pollens,Species pobj in prep antibodies pobj of prep variations nsubj Disease,In vitro diagnosis of atopic allergy. IV. Seasonal variations of IgE antibodies in children allergic_to_pollens.
patients hepatitis,Species prep with pobj forms prep of pobj Disease,Australia antigen immune complexes in patients with different forms of hepatitis.
patients chronic_renal_insufficiency,Species prep with pobj Disease,[Effectiveness of therapy of patients with chronic_renal_insufficiency by the use of polysynthetic penicillins].
patients penicillins,Species pobj of prep therapy prep by pobj use prep of pobj Chemical,[Effectiveness of therapy of patients with chronic_renal_insufficiency by the use of polysynthetic penicillins].
chronic_renal_insufficiency penicillins,Disease pobj with prep patients pobj of prep therapy prep by pobj use prep of pobj Chemical,[Effectiveness of therapy of patients with chronic_renal_insufficiency by the use of polysynthetic penicillins].
children allergic_to_pollens,Species pobj in prep antibodies pobj of prep variations nsubj Disease,In vitro diagnosis of atopic allergy. IV. Seasonal variations of IgE antibodies in children allergic_to_pollens.
,Species prep with pobj forms prep of pobj Disease,Australia antigen immune complexes in patients with different forms of hepatitis.
,Species prep with pobj Disease,[Effectiveness of therapy of patients with chronic_renal_insufficiency by the use of polysynthetic penicillins].
,Species pobj of prep therapy prep by pobj use prep of pobj Chemical,[Effectiveness of therapy of patients with chronic_renal_insufficiency by the use of polysynthetic penicillins].
,Disease pobj with prep patients pobj of prep therapy prep by pobj use prep of pobj Chemical,[Effectiveness of therapy of patients with chronic_renal_insufficiency by the use of polysynthetic penicillins].
,Species pobj in prep antibodies pobj of prep variations nsubj Disease,In vitro diagnosis of atopic allergy. IV. Seasonal variations of IgE antibodies in children allergic_to_pollens.
,Species prep with pobj forms prep of pobj Disease,Australia antigen immune complexes in patients with different forms of hepatitis.
,Species prep with pobj Disease,[Effectiveness of therapy of patients with chronic_renal_insufficiency by the use of polysynthetic penicillins].
,Species pobj of prep therapy prep by pobj use prep of pobj Chemical,[Effectiveness of therapy of patients with chronic_renal_insufficiency by the use of polysynthetic penicillins].
,Disease pobj with prep patients pobj of prep therapy prep by pobj use prep of pobj Chemical,[Effectiveness of therapy of patients with chronic_renal_insufficiency by the use of polysynthetic penicillins].
,Species pobj in prep antibodies pobj of prep variations nsubj Disease,In vitro diagnosis of atopic allergy. IV. Seasonal variations of IgE antibodies in children allergic_to_pollens.
patients hepatitis,Species prep with pobj forms prep of pobj Disease,Australia antigen immune complexes in patients with different forms of hepatitis.
patients chronic_renal_insufficiency,Species prep with pobj Disease,[Effectiveness of therapy of patients with chronic_renal_insufficiency by the use of polysynthetic penicillins].
patients penicillins,Species pobj of prep therapy prep by pobj use prep of pobj Chemical,[Effectiveness of therapy of patients with chronic_renal_insufficiency by the use of polysynthetic penicillins].
chronic_renal_insufficiency penicillins,Disease pobj with prep patients pobj of prep therapy prep by pobj use prep of pobj Chemical,[Effectiveness of therapy of patients with chronic_renal_insufficiency by the use of polysynthetic penicillins].
children allergic_to_pollens,Species pobj in prep antibodies pobj of prep variations nsubj Disease,In vitro diagnosis of atopic allergy. IV. Seasonal variations of IgE antibodies in children allergic_to_pollens.
