rabbit rats,Species nmod survival prep with pobj serum prep in pobj Species,Prolongation of rabbit xenograft survival with antimacrophage serum in rats.
patients Pseudomonas_aeruginosa,Species pobj of prep colonization prep by pobj Species,Bowel colonization of hospital patients by Pseudomonas_aeruginosa and Escherichia_coli.
patients Escherichia_coli,Species pobj of prep colonization prep by pobj Pseudomonas_aeruginosa conj Species,Bowel colonization of hospital patients by Pseudomonas_aeruginosa and Escherichia_coli.
patients Pseudomonas_aeruginosa,Species pobj of prep colonization prep by pobj Species,Bowel colonization of hospital patients by Pseudomonas_aeruginosa and Escherichia_coli.
patients Pseudomonas_aeruginosa,Species pobj of prep colonization prep by pobj Species,Bowel colonization of hospital patients by Pseudomonas_aeruginosa and Escherichia_coli.
rabbit rats,Species nmod survival prep with pobj serum prep in pobj Species,Prolongation of rabbit xenograft survival with antimacrophage serum in rats.
patients Pseudomonas_aeruginosa,Species pobj of prep colonization prep by pobj Species,Bowel colonization of hospital patients by Pseudomonas_aeruginosa and Escherichia_coli.
patients Escherichia_coli,Species pobj of prep colonization prep by pobj Pseudomonas_aeruginosa conj Species,Bowel colonization of hospital patients by Pseudomonas_aeruginosa and Escherichia_coli.
patients Pseudomonas_aeruginosa,Species pobj of prep colonization prep by pobj Species,Bowel colonization of hospital patients by Pseudomonas_aeruginosa and Escherichia_coli.
patients Pseudomonas_aeruginosa,Species pobj of prep colonization prep by pobj Species,Bowel colonization of hospital patients by Pseudomonas_aeruginosa and Escherichia_coli.
rabbit rats,Species nmod survival prep with pobj serum prep in pobj Species,Prolongation of rabbit xenograft survival with antimacrophage serum in rats.
patients Pseudomonas_aeruginosa,Species pobj of prep colonization prep by pobj Species,Bowel colonization of hospital patients by Pseudomonas_aeruginosa and Escherichia_coli.
patients Escherichia_coli,Species pobj of prep colonization prep by pobj Pseudomonas_aeruginosa conj Species,Bowel colonization of hospital patients by Pseudomonas_aeruginosa and Escherichia_coli.
patients Pseudomonas_aeruginosa,Species pobj of prep colonization prep by pobj Species,Bowel colonization of hospital patients by Pseudomonas_aeruginosa and Escherichia_coli.
patients Pseudomonas_aeruginosa,Species pobj of prep colonization prep by pobj Species,Bowel colonization of hospital patients by Pseudomonas_aeruginosa and Escherichia_coli.
rabbit rats,Species nmod survival prep with pobj serum prep in pobj Species,Prolongation of rabbit xenograft survival with antimacrophage serum in rats.
patients Pseudomonas_aeruginosa,Species pobj of prep colonization prep by pobj Species,Bowel colonization of hospital patients by Pseudomonas_aeruginosa and Escherichia_coli.
patients Escherichia_coli,Species pobj of prep colonization prep by pobj Pseudomonas_aeruginosa conj Species,Bowel colonization of hospital patients by Pseudomonas_aeruginosa and Escherichia_coli.
patients Pseudomonas_aeruginosa,Species pobj of prep colonization prep by pobj Species,Bowel colonization of hospital patients by Pseudomonas_aeruginosa and Escherichia_coli.
patients Pseudomonas_aeruginosa,Species pobj of prep colonization prep by pobj Species,Bowel colonization of hospital patients by Pseudomonas_aeruginosa and Escherichia_coli.
rabbit rats,Species nmod survival prep with pobj serum prep in pobj Species,Prolongation of rabbit xenograft survival with antimacrophage serum in rats.
patients Pseudomonas_aeruginosa,Species pobj of prep colonization prep by pobj Species,Bowel colonization of hospital patients by Pseudomonas_aeruginosa and Escherichia_coli.
patients Escherichia_coli,Species pobj of prep colonization prep by pobj Pseudomonas_aeruginosa conj Species,Bowel colonization of hospital patients by Pseudomonas_aeruginosa and Escherichia_coli.
patients Pseudomonas_aeruginosa,Species pobj of prep colonization prep by pobj Species,Bowel colonization of hospital patients by Pseudomonas_aeruginosa and Escherichia_coli.
patients Pseudomonas_aeruginosa,Species pobj of prep colonization prep by pobj Species,Bowel colonization of hospital patients by Pseudomonas_aeruginosa and Escherichia_coli.
rabbit rats,Species nmod survival prep with pobj serum prep in pobj Species,Prolongation of rabbit xenograft survival with antimacrophage serum in rats.
patients Pseudomonas_aeruginosa,Species pobj of prep colonization prep by pobj Species,Bowel colonization of hospital patients by Pseudomonas_aeruginosa and Escherichia_coli.
patients Escherichia_coli,Species pobj of prep colonization prep by pobj Pseudomonas_aeruginosa conj Species,Bowel colonization of hospital patients by Pseudomonas_aeruginosa and Escherichia_coli.
patients Pseudomonas_aeruginosa,Species pobj of prep colonization prep by pobj Species,Bowel colonization of hospital patients by Pseudomonas_aeruginosa and Escherichia_coli.
patients Pseudomonas_aeruginosa,Species pobj of prep colonization prep by pobj Species,Bowel colonization of hospital patients by Pseudomonas_aeruginosa and Escherichia_coli.
,Species nmod survival prep with pobj serum prep in pobj Species,Prolongation of rabbit xenograft survival with antimacrophage serum in rats.
,Species pobj of prep colonization prep by pobj Species,Bowel colonization of hospital patients by Pseudomonas_aeruginosa and Escherichia_coli.
,Species pobj of prep colonization prep by pobj Pseudomonas_aeruginosa conj Species,Bowel colonization of hospital patients by Pseudomonas_aeruginosa and Escherichia_coli.
,Species pobj of prep colonization prep by pobj Species,Bowel colonization of hospital patients by Pseudomonas_aeruginosa and Escherichia_coli.
,Species pobj of prep colonization prep by pobj Species,Bowel colonization of hospital patients by Pseudomonas_aeruginosa and Escherichia_coli.
,Species nmod survival prep with pobj serum prep in pobj Species,Prolongation of rabbit xenograft survival with antimacrophage serum in rats.
,Species pobj of prep colonization prep by pobj Species,Bowel colonization of hospital patients by Pseudomonas_aeruginosa and Escherichia_coli.
,Species pobj of prep colonization prep by pobj Pseudomonas_aeruginosa conj Species,Bowel colonization of hospital patients by Pseudomonas_aeruginosa and Escherichia_coli.
,Species pobj of prep colonization prep by pobj Species,Bowel colonization of hospital patients by Pseudomonas_aeruginosa and Escherichia_coli.
,Species pobj of prep colonization prep by pobj Species,Bowel colonization of hospital patients by Pseudomonas_aeruginosa and Escherichia_coli.
rabbit rats,Species nmod survival prep with pobj serum prep in pobj Species,Prolongation of rabbit xenograft survival with antimacrophage serum in rats.
patients Pseudomonas_aeruginosa,Species pobj of prep colonization prep by pobj Species,Bowel colonization of hospital patients by Pseudomonas_aeruginosa and Escherichia_coli.
patients Escherichia_coli,Species pobj of prep colonization prep by pobj Pseudomonas_aeruginosa conj Species,Bowel colonization of hospital patients by Pseudomonas_aeruginosa and Escherichia_coli.
patients Pseudomonas_aeruginosa,Species pobj of prep colonization prep by pobj Species,Bowel colonization of hospital patients by Pseudomonas_aeruginosa and Escherichia_coli.
patients Pseudomonas_aeruginosa,Species pobj of prep colonization prep by pobj Species,Bowel colonization of hospital patients by Pseudomonas_aeruginosa and Escherichia_coli.
