Bacillus_subtilis guanine,Species pobj of prep DNA dobj transforming prep by pobj enzyme relcl splits dobj bonds compound guanine compound Chemical,Inactivation of genetic markers in transforming DNA of Bacillus_subtilis by an enzyme which preferentially splits the guanine-guanine bonds in DNA.
Bacillus_subtilis guanine,Species pobj of prep DNA dobj transforming prep by pobj enzyme relcl splits dobj bonds compound Chemical,Inactivation of genetic markers in transforming DNA of Bacillus_subtilis by an enzyme which preferentially splits the guanine-guanine bonds in DNA.
Trypanosoma_cruzi hydroxystilbamidine,Species compound kinetoplast acl induced agent by pobj interaction prep of pobj drug appos Chemical,Ultrastructural alterations of Trypanosoma_cruzi kinetoplast induced by the interaction of a trypanocidal drug (hydroxystilbamidine) with the kinetoplast DNA.
Escherichia_coli penicillin,Species pobj of prep forms acl induced agent by pobj Chemical,[Formation and osmotic stability of filamentous forms of Escherichia_coli induced by penicillin].
yeast 5_fluorocytosine,Species pobj of prep susceptibility pobj of prep study pobj to prep methods pobj of prep Application prep to pobj Chemical,Application of four methods to the study of the susceptibility of yeast to 5_fluorocytosine.
Bacillus_subtilis guanine,Species pobj of prep DNA dobj transforming prep by pobj enzyme relcl splits dobj bonds compound guanine compound Chemical,Inactivation of genetic markers in transforming DNA of Bacillus_subtilis by an enzyme which preferentially splits the guanine-guanine bonds in DNA.
Bacillus_subtilis guanine,Species pobj of prep DNA dobj transforming prep by pobj enzyme relcl splits dobj bonds compound Chemical,Inactivation of genetic markers in transforming DNA of Bacillus_subtilis by an enzyme which preferentially splits the guanine-guanine bonds in DNA.
Trypanosoma_cruzi hydroxystilbamidine,Species compound kinetoplast acl induced agent by pobj interaction prep of pobj drug appos Chemical,Ultrastructural alterations of Trypanosoma_cruzi kinetoplast induced by the interaction of a trypanocidal drug (hydroxystilbamidine) with the kinetoplast DNA.
Escherichia_coli penicillin,Species pobj of prep forms acl induced agent by pobj Chemical,[Formation and osmotic stability of filamentous forms of Escherichia_coli induced by penicillin].
yeast 5_fluorocytosine,Species pobj of prep susceptibility pobj of prep study pobj to prep methods pobj of prep Application prep to pobj Chemical,Application of four methods to the study of the susceptibility of yeast to 5_fluorocytosine.
Bacillus_subtilis guanine,Species pobj of prep DNA dobj transforming prep by pobj enzyme relcl splits dobj bonds compound guanine compound Chemical,Inactivation of genetic markers in transforming DNA of Bacillus_subtilis by an enzyme which preferentially splits the guanine-guanine bonds in DNA.
Bacillus_subtilis guanine,Species pobj of prep DNA dobj transforming prep by pobj enzyme relcl splits dobj bonds compound Chemical,Inactivation of genetic markers in transforming DNA of Bacillus_subtilis by an enzyme which preferentially splits the guanine-guanine bonds in DNA.
Trypanosoma_cruzi hydroxystilbamidine,Species compound kinetoplast acl induced agent by pobj interaction prep of pobj drug appos Chemical,Ultrastructural alterations of Trypanosoma_cruzi kinetoplast induced by the interaction of a trypanocidal drug (hydroxystilbamidine) with the kinetoplast DNA.
Escherichia_coli penicillin,Species pobj of prep forms acl induced agent by pobj Chemical,[Formation and osmotic stability of filamentous forms of Escherichia_coli induced by penicillin].
yeast 5_fluorocytosine,Species pobj of prep susceptibility pobj of prep study pobj to prep methods pobj of prep Application prep to pobj Chemical,Application of four methods to the study of the susceptibility of yeast to 5_fluorocytosine.
Bacillus_subtilis guanine,Species pobj of prep DNA dobj transforming prep by pobj enzyme relcl splits dobj bonds compound guanine compound Chemical,Inactivation of genetic markers in transforming DNA of Bacillus_subtilis by an enzyme which preferentially splits the guanine-guanine bonds in DNA.
Bacillus_subtilis guanine,Species pobj of prep DNA dobj transforming prep by pobj enzyme relcl splits dobj bonds compound Chemical,Inactivation of genetic markers in transforming DNA of Bacillus_subtilis by an enzyme which preferentially splits the guanine-guanine bonds in DNA.
Trypanosoma_cruzi hydroxystilbamidine,Species compound kinetoplast acl induced agent by pobj interaction prep of pobj drug appos Chemical,Ultrastructural alterations of Trypanosoma_cruzi kinetoplast induced by the interaction of a trypanocidal drug (hydroxystilbamidine) with the kinetoplast DNA.
Escherichia_coli penicillin,Species pobj of prep forms acl induced agent by pobj Chemical,[Formation and osmotic stability of filamentous forms of Escherichia_coli induced by penicillin].
yeast 5_fluorocytosine,Species pobj of prep susceptibility pobj of prep study pobj to prep methods pobj of prep Application prep to pobj Chemical,Application of four methods to the study of the susceptibility of yeast to 5_fluorocytosine.
Bacillus_subtilis guanine,Species pobj of prep DNA dobj transforming prep by pobj enzyme relcl splits dobj bonds compound guanine compound Chemical,Inactivation of genetic markers in transforming DNA of Bacillus_subtilis by an enzyme which preferentially splits the guanine-guanine bonds in DNA.
Bacillus_subtilis guanine,Species pobj of prep DNA dobj transforming prep by pobj enzyme relcl splits dobj bonds compound Chemical,Inactivation of genetic markers in transforming DNA of Bacillus_subtilis by an enzyme which preferentially splits the guanine-guanine bonds in DNA.
Trypanosoma_cruzi hydroxystilbamidine,Species compound kinetoplast acl induced agent by pobj interaction prep of pobj drug appos Chemical,Ultrastructural alterations of Trypanosoma_cruzi kinetoplast induced by the interaction of a trypanocidal drug (hydroxystilbamidine) with the kinetoplast DNA.
Escherichia_coli penicillin,Species pobj of prep forms acl induced agent by pobj Chemical,[Formation and osmotic stability of filamentous forms of Escherichia_coli induced by penicillin].
yeast 5_fluorocytosine,Species pobj of prep susceptibility pobj of prep study pobj to prep methods pobj of prep Application prep to pobj Chemical,Application of four methods to the study of the susceptibility of yeast to 5_fluorocytosine.
Bacillus_subtilis guanine,Species pobj of prep DNA dobj transforming prep by pobj enzyme relcl splits dobj bonds compound guanine compound Chemical,Inactivation of genetic markers in transforming DNA of Bacillus_subtilis by an enzyme which preferentially splits the guanine-guanine bonds in DNA.
Bacillus_subtilis guanine,Species pobj of prep DNA dobj transforming prep by pobj enzyme relcl splits dobj bonds compound Chemical,Inactivation of genetic markers in transforming DNA of Bacillus_subtilis by an enzyme which preferentially splits the guanine-guanine bonds in DNA.
Trypanosoma_cruzi hydroxystilbamidine,Species compound kinetoplast acl induced agent by pobj interaction prep of pobj drug appos Chemical,Ultrastructural alterations of Trypanosoma_cruzi kinetoplast induced by the interaction of a trypanocidal drug (hydroxystilbamidine) with the kinetoplast DNA.
Escherichia_coli penicillin,Species pobj of prep forms acl induced agent by pobj Chemical,[Formation and osmotic stability of filamentous forms of Escherichia_coli induced by penicillin].
yeast 5_fluorocytosine,Species pobj of prep susceptibility pobj of prep study pobj to prep methods pobj of prep Application prep to pobj Chemical,Application of four methods to the study of the susceptibility of yeast to 5_fluorocytosine.
,Species pobj of prep DNA dobj transforming prep by pobj enzyme relcl splits dobj bonds compound guanine compound Chemical,Inactivation of genetic markers in transforming DNA of Bacillus_subtilis by an enzyme which preferentially splits the guanine-guanine bonds in DNA.
,Species pobj of prep DNA dobj transforming prep by pobj enzyme relcl splits dobj bonds compound Chemical,Inactivation of genetic markers in transforming DNA of Bacillus_subtilis by an enzyme which preferentially splits the guanine-guanine bonds in DNA.
,Species compound kinetoplast acl induced agent by pobj interaction prep of pobj drug appos Chemical,Ultrastructural alterations of Trypanosoma_cruzi kinetoplast induced by the interaction of a trypanocidal drug (hydroxystilbamidine) with the kinetoplast DNA.
,Species pobj of prep forms acl induced agent by pobj Chemical,[Formation and osmotic stability of filamentous forms of Escherichia_coli induced by penicillin].
,Species pobj of prep susceptibility pobj of prep study pobj to prep methods pobj of prep Application prep to pobj Chemical,Application of four methods to the study of the susceptibility of yeast to 5_fluorocytosine.
,Species pobj of prep DNA dobj transforming prep by pobj enzyme relcl splits dobj bonds compound guanine compound Chemical,Inactivation of genetic markers in transforming DNA of Bacillus_subtilis by an enzyme which preferentially splits the guanine-guanine bonds in DNA.
,Species pobj of prep DNA dobj transforming prep by pobj enzyme relcl splits dobj bonds compound Chemical,Inactivation of genetic markers in transforming DNA of Bacillus_subtilis by an enzyme which preferentially splits the guanine-guanine bonds in DNA.
,Species compound kinetoplast acl induced agent by pobj interaction prep of pobj drug appos Chemical,Ultrastructural alterations of Trypanosoma_cruzi kinetoplast induced by the interaction of a trypanocidal drug (hydroxystilbamidine) with the kinetoplast DNA.
,Species pobj of prep forms acl induced agent by pobj Chemical,[Formation and osmotic stability of filamentous forms of Escherichia_coli induced by penicillin].
,Species pobj of prep susceptibility pobj of prep study pobj to prep methods pobj of prep Application prep to pobj Chemical,Application of four methods to the study of the susceptibility of yeast to 5_fluorocytosine.
Bacillus_subtilis guanine,Species pobj of prep DNA dobj transforming prep by pobj enzyme relcl splits dobj bonds compound guanine compound Chemical,Inactivation of genetic markers in transforming DNA of Bacillus_subtilis by an enzyme which preferentially splits the guanine-guanine bonds in DNA.
Bacillus_subtilis guanine,Species pobj of prep DNA dobj transforming prep by pobj enzyme relcl splits dobj bonds compound Chemical,Inactivation of genetic markers in transforming DNA of Bacillus_subtilis by an enzyme which preferentially splits the guanine-guanine bonds in DNA.
Trypanosoma_cruzi hydroxystilbamidine,Species compound kinetoplast acl induced agent by pobj interaction prep of pobj drug appos Chemical,Ultrastructural alterations of Trypanosoma_cruzi kinetoplast induced by the interaction of a trypanocidal drug (hydroxystilbamidine) with the kinetoplast DNA.
Escherichia_coli penicillin,Species pobj of prep forms acl induced agent by pobj Chemical,[Formation and osmotic stability of filamentous forms of Escherichia_coli induced by penicillin].
yeast 5_fluorocytosine,Species pobj of prep susceptibility pobj of prep study pobj to prep methods pobj of prep Application prep to pobj Chemical,Application of four methods to the study of the susceptibility of yeast to 5_fluorocytosine.
