hepatitis patients hemophilia,Disease npadvmod associated amod Australia pobj to prep Development nmod antigen prep in pobj Species
Aggressive_behavior chimpanzees baboons,Disease prep of pobj Species
Proteus Pseudomonas_aeruginosa cephalosporins,Disease compound species pobj of prep Susceptibility conj Species
hepatitis patients hemophilia,Disease npadvmod associated amod Australia pobj to prep Development nmod antigen prep in pobj Species
Aggressive_behavior chimpanzees baboons,Disease prep of pobj Species
Proteus Pseudomonas_aeruginosa cephalosporins,Disease compound species pobj of prep Susceptibility conj Species
hepatitis patients hemophilia,Disease npadvmod associated amod Australia pobj to prep Development nmod antigen prep in pobj Species
Aggressive_behavior chimpanzees baboons,Disease prep of pobj Species
Proteus Pseudomonas_aeruginosa cephalosporins,Disease compound species pobj of prep Susceptibility conj Species
hepatitis patients hemophilia,Disease npadvmod associated amod Australia pobj to prep Development nmod antigen prep in pobj Species
Aggressive_behavior chimpanzees baboons,Disease prep of pobj Species
Proteus Pseudomonas_aeruginosa cephalosporins,Disease compound species pobj of prep Susceptibility conj Species
hepatitis patients hemophilia,Disease npadvmod associated amod Australia pobj to prep Development nmod antigen prep in pobj Species
Aggressive_behavior chimpanzees baboons,Disease prep of pobj Species
Proteus Pseudomonas_aeruginosa cephalosporins,Disease compound species pobj of prep Susceptibility conj Species
hepatitis patients hemophilia,Disease npadvmod associated amod Australia pobj to prep Development nmod antigen prep in pobj Species
Aggressive_behavior chimpanzees baboons,Disease prep of pobj Species
Proteus Pseudomonas_aeruginosa cephalosporins,Disease compound species pobj of prep Susceptibility conj Species
,Disease npadvmod associated amod Australia pobj to prep Development nmod antigen prep in pobj Species
,Disease prep of pobj Species
,Disease compound species pobj of prep Susceptibility conj Species
,Disease npadvmod associated amod Australia pobj to prep Development nmod antigen prep in pobj Species
,Disease prep of pobj Species
,Disease compound species pobj of prep Susceptibility conj Species
hepatitis patients hemophilia,Disease npadvmod associated amod Australia pobj to prep Development nmod antigen prep in pobj Species
Aggressive_behavior chimpanzees baboons,Disease prep of pobj Species
Proteus Pseudomonas_aeruginosa cephalosporins,Disease compound species pobj of prep Susceptibility conj Species
