catalase methaemoglobin,Gene conj production prep of pobj Chemical
catalase osmotic_fragility,Gene conj production conj bodies conj changes prep in pobj Disease
methaemoglobin osmotic_fragility,Chemical pobj of prep production conj bodies conj changes prep in pobj Disease
lecithin_cholesterol_acyltransferase cholesterol,Gene pobj of prep Action prep on pobj dispersions prep of pobj lecithin conj Chemical
lecithin_cholesterol_acyltransferase cholesterol,Gene pobj of prep Action prep on conj on pobj complexes compound protein compound Chemical
cholesterol cholesterol,Chemical conj lecithin pobj of prep dispersions pobj on conj on pobj complexes compound protein compound Chemical
catalase methaemoglobin,Gene conj production prep of pobj Chemical
catalase osmotic_fragility,Gene conj production conj bodies conj changes prep in pobj Disease
methaemoglobin osmotic_fragility,Chemical pobj of prep production conj bodies conj changes prep in pobj Disease
lecithin_cholesterol_acyltransferase cholesterol,Gene pobj of prep Action prep on pobj dispersions prep of pobj lecithin conj Chemical
lecithin_cholesterol_acyltransferase cholesterol,Gene pobj of prep Action prep on conj on pobj complexes compound protein compound Chemical
cholesterol cholesterol,Chemical conj lecithin pobj of prep dispersions pobj on conj on pobj complexes compound protein compound Chemical
catalase methaemoglobin,Gene conj production prep of pobj Chemical
catalase osmotic_fragility,Gene conj production conj bodies conj changes prep in pobj Disease
methaemoglobin osmotic_fragility,Chemical pobj of prep production conj bodies conj changes prep in pobj Disease
lecithin_cholesterol_acyltransferase cholesterol,Gene pobj of prep Action prep on pobj dispersions prep of pobj lecithin conj Chemical
lecithin_cholesterol_acyltransferase cholesterol,Gene pobj of prep Action prep on conj on pobj complexes compound protein compound Chemical
cholesterol cholesterol,Chemical conj lecithin pobj of prep dispersions pobj on conj on pobj complexes compound protein compound Chemical
catalase methaemoglobin,Gene conj production prep of pobj Chemical
catalase osmotic_fragility,Gene conj production conj bodies conj changes prep in pobj Disease
methaemoglobin osmotic_fragility,Chemical pobj of prep production conj bodies conj changes prep in pobj Disease
lecithin_cholesterol_acyltransferase cholesterol,Gene pobj of prep Action prep on pobj dispersions prep of pobj lecithin conj Chemical
lecithin_cholesterol_acyltransferase cholesterol,Gene pobj of prep Action prep on conj on pobj complexes compound protein compound Chemical
cholesterol cholesterol,Chemical conj lecithin pobj of prep dispersions pobj on conj on pobj complexes compound protein compound Chemical
catalase methaemoglobin,Gene conj production prep of pobj Chemical
catalase osmotic_fragility,Gene conj production conj bodies conj changes prep in pobj Disease
methaemoglobin osmotic_fragility,Chemical pobj of prep production conj bodies conj changes prep in pobj Disease
lecithin_cholesterol_acyltransferase cholesterol,Gene pobj of prep Action prep on pobj dispersions prep of pobj lecithin conj Chemical
lecithin_cholesterol_acyltransferase cholesterol,Gene pobj of prep Action prep on conj on pobj complexes compound protein compound Chemical
cholesterol cholesterol,Chemical conj lecithin pobj of prep dispersions pobj on conj on pobj complexes compound protein compound Chemical
catalase methaemoglobin,Gene conj production prep of pobj Chemical
catalase osmotic_fragility,Gene conj production conj bodies conj changes prep in pobj Disease
methaemoglobin osmotic_fragility,Chemical pobj of prep production conj bodies conj changes prep in pobj Disease
lecithin_cholesterol_acyltransferase cholesterol,Gene pobj of prep Action prep on pobj dispersions prep of pobj lecithin conj Chemical
lecithin_cholesterol_acyltransferase cholesterol,Gene pobj of prep Action prep on conj on pobj complexes compound protein compound Chemical
cholesterol cholesterol,Chemical conj lecithin pobj of prep dispersions pobj on conj on pobj complexes compound protein compound Chemical
,Gene conj production prep of pobj Chemical
,Gene conj production conj bodies conj changes prep in pobj Disease
,Chemical pobj of prep production conj bodies conj changes prep in pobj Disease
,Gene pobj of prep Action prep on pobj dispersions prep of pobj lecithin conj Chemical
,Gene pobj of prep Action prep on conj on pobj complexes compound protein compound Chemical
,Chemical conj lecithin pobj of prep dispersions pobj on conj on pobj complexes compound protein compound Chemical
,Gene conj production prep of pobj Chemical
,Gene conj production conj bodies conj changes prep in pobj Disease
,Chemical pobj of prep production conj bodies conj changes prep in pobj Disease
,Gene pobj of prep Action prep on pobj dispersions prep of pobj lecithin conj Chemical
,Gene pobj of prep Action prep on conj on pobj complexes compound protein compound Chemical
,Chemical conj lecithin pobj of prep dispersions pobj on conj on pobj complexes compound protein compound Chemical
catalase methaemoglobin,Gene conj production prep of pobj Chemical
catalase osmotic_fragility,Gene conj production conj bodies conj changes prep in pobj Disease
methaemoglobin osmotic_fragility,Chemical pobj of prep production conj bodies conj changes prep in pobj Disease
lecithin_cholesterol_acyltransferase cholesterol,Gene pobj of prep Action prep on pobj dispersions prep of pobj lecithin conj Chemical
lecithin_cholesterol_acyltransferase cholesterol,Gene pobj of prep Action prep on conj on pobj complexes compound protein compound Chemical
cholesterol cholesterol,Chemical conj lecithin pobj of prep dispersions pobj on conj on pobj complexes compound protein compound Chemical
