patients hepatitis,Species prep with pobj forms prep of pobj Disease
patients chronic_renal_insufficiency,Species prep with pobj Disease
patients penicillins,Species pobj of prep therapy prep by pobj use prep of pobj Chemical
chronic_renal_insufficiency penicillins,Disease pobj with prep patients pobj of prep therapy prep by pobj use prep of pobj Chemical
children allergic_to_pollens,Species pobj in prep antibodies pobj of prep variations nsubj Disease
patients hepatitis,Species prep with pobj forms prep of pobj Disease
patients chronic_renal_insufficiency,Species prep with pobj Disease
patients penicillins,Species pobj of prep therapy prep by pobj use prep of pobj Chemical
chronic_renal_insufficiency penicillins,Disease pobj with prep patients pobj of prep therapy prep by pobj use prep of pobj Chemical
children allergic_to_pollens,Species pobj in prep antibodies pobj of prep variations nsubj Disease
patients hepatitis,Species prep with pobj forms prep of pobj Disease
patients chronic_renal_insufficiency,Species prep with pobj Disease
patients penicillins,Species pobj of prep therapy prep by pobj use prep of pobj Chemical
chronic_renal_insufficiency penicillins,Disease pobj with prep patients pobj of prep therapy prep by pobj use prep of pobj Chemical
children allergic_to_pollens,Species pobj in prep antibodies pobj of prep variations nsubj Disease
patients hepatitis,Species prep with pobj forms prep of pobj Disease
patients chronic_renal_insufficiency,Species prep with pobj Disease
patients penicillins,Species pobj of prep therapy prep by pobj use prep of pobj Chemical
chronic_renal_insufficiency penicillins,Disease pobj with prep patients pobj of prep therapy prep by pobj use prep of pobj Chemical
children allergic_to_pollens,Species pobj in prep antibodies pobj of prep variations nsubj Disease
patients hepatitis,Species prep with pobj forms prep of pobj Disease
patients chronic_renal_insufficiency,Species prep with pobj Disease
patients penicillins,Species pobj of prep therapy prep by pobj use prep of pobj Chemical
chronic_renal_insufficiency penicillins,Disease pobj with prep patients pobj of prep therapy prep by pobj use prep of pobj Chemical
children allergic_to_pollens,Species pobj in prep antibodies pobj of prep variations nsubj Disease
patients hepatitis,Species prep with pobj forms prep of pobj Disease
patients chronic_renal_insufficiency,Species prep with pobj Disease
patients penicillins,Species pobj of prep therapy prep by pobj use prep of pobj Chemical
chronic_renal_insufficiency penicillins,Disease pobj with prep patients pobj of prep therapy prep by pobj use prep of pobj Chemical
children allergic_to_pollens,Species pobj in prep antibodies pobj of prep variations nsubj Disease
,Species prep with pobj forms prep of pobj Disease
,Species prep with pobj Disease
,Species pobj of prep therapy prep by pobj use prep of pobj Chemical
,Disease pobj with prep patients pobj of prep therapy prep by pobj use prep of pobj Chemical
,Species pobj in prep antibodies pobj of prep variations nsubj Disease
,Species prep with pobj forms prep of pobj Disease
,Species prep with pobj Disease
,Species pobj of prep therapy prep by pobj use prep of pobj Chemical
,Disease pobj with prep patients pobj of prep therapy prep by pobj use prep of pobj Chemical
,Species pobj in prep antibodies pobj of prep variations nsubj Disease
patients hepatitis,Species prep with pobj forms prep of pobj Disease
patients chronic_renal_insufficiency,Species prep with pobj Disease
patients penicillins,Species pobj of prep therapy prep by pobj use prep of pobj Chemical
chronic_renal_insufficiency penicillins,Disease pobj with prep patients pobj of prep therapy prep by pobj use prep of pobj Chemical
children allergic_to_pollens,Species pobj in prep antibodies pobj of prep variations nsubj Disease
