Bacillus_subtilis guanine,Species pobj of prep DNA dobj transforming prep by pobj enzyme relcl splits dobj bonds compound guanine compound Chemical
Bacillus_subtilis guanine,Species pobj of prep DNA dobj transforming prep by pobj enzyme relcl splits dobj bonds compound Chemical
Trypanosoma_cruzi hydroxystilbamidine,Species compound kinetoplast acl induced agent by pobj interaction prep of pobj drug appos Chemical
Escherichia_coli penicillin,Species pobj of prep forms acl induced agent by pobj Chemical
yeast 5_fluorocytosine,Species pobj of prep susceptibility pobj of prep study pobj to prep methods pobj of prep Application prep to pobj Chemical
Bacillus_subtilis guanine,Species pobj of prep DNA dobj transforming prep by pobj enzyme relcl splits dobj bonds compound guanine compound Chemical
Bacillus_subtilis guanine,Species pobj of prep DNA dobj transforming prep by pobj enzyme relcl splits dobj bonds compound Chemical
Trypanosoma_cruzi hydroxystilbamidine,Species compound kinetoplast acl induced agent by pobj interaction prep of pobj drug appos Chemical
Escherichia_coli penicillin,Species pobj of prep forms acl induced agent by pobj Chemical
yeast 5_fluorocytosine,Species pobj of prep susceptibility pobj of prep study pobj to prep methods pobj of prep Application prep to pobj Chemical
Bacillus_subtilis guanine,Species pobj of prep DNA dobj transforming prep by pobj enzyme relcl splits dobj bonds compound guanine compound Chemical
Bacillus_subtilis guanine,Species pobj of prep DNA dobj transforming prep by pobj enzyme relcl splits dobj bonds compound Chemical
Trypanosoma_cruzi hydroxystilbamidine,Species compound kinetoplast acl induced agent by pobj interaction prep of pobj drug appos Chemical
Escherichia_coli penicillin,Species pobj of prep forms acl induced agent by pobj Chemical
yeast 5_fluorocytosine,Species pobj of prep susceptibility pobj of prep study pobj to prep methods pobj of prep Application prep to pobj Chemical
Bacillus_subtilis guanine,Species pobj of prep DNA dobj transforming prep by pobj enzyme relcl splits dobj bonds compound guanine compound Chemical
Bacillus_subtilis guanine,Species pobj of prep DNA dobj transforming prep by pobj enzyme relcl splits dobj bonds compound Chemical
Trypanosoma_cruzi hydroxystilbamidine,Species compound kinetoplast acl induced agent by pobj interaction prep of pobj drug appos Chemical
Escherichia_coli penicillin,Species pobj of prep forms acl induced agent by pobj Chemical
yeast 5_fluorocytosine,Species pobj of prep susceptibility pobj of prep study pobj to prep methods pobj of prep Application prep to pobj Chemical
Bacillus_subtilis guanine,Species pobj of prep DNA dobj transforming prep by pobj enzyme relcl splits dobj bonds compound guanine compound Chemical
Bacillus_subtilis guanine,Species pobj of prep DNA dobj transforming prep by pobj enzyme relcl splits dobj bonds compound Chemical
Trypanosoma_cruzi hydroxystilbamidine,Species compound kinetoplast acl induced agent by pobj interaction prep of pobj drug appos Chemical
Escherichia_coli penicillin,Species pobj of prep forms acl induced agent by pobj Chemical
yeast 5_fluorocytosine,Species pobj of prep susceptibility pobj of prep study pobj to prep methods pobj of prep Application prep to pobj Chemical
Bacillus_subtilis guanine,Species pobj of prep DNA dobj transforming prep by pobj enzyme relcl splits dobj bonds compound guanine compound Chemical
Bacillus_subtilis guanine,Species pobj of prep DNA dobj transforming prep by pobj enzyme relcl splits dobj bonds compound Chemical
Trypanosoma_cruzi hydroxystilbamidine,Species compound kinetoplast acl induced agent by pobj interaction prep of pobj drug appos Chemical
Escherichia_coli penicillin,Species pobj of prep forms acl induced agent by pobj Chemical
yeast 5_fluorocytosine,Species pobj of prep susceptibility pobj of prep study pobj to prep methods pobj of prep Application prep to pobj Chemical
,Species pobj of prep DNA dobj transforming prep by pobj enzyme relcl splits dobj bonds compound guanine compound Chemical
,Species pobj of prep DNA dobj transforming prep by pobj enzyme relcl splits dobj bonds compound Chemical
,Species compound kinetoplast acl induced agent by pobj interaction prep of pobj drug appos Chemical
,Species pobj of prep forms acl induced agent by pobj Chemical
,Species pobj of prep susceptibility pobj of prep study pobj to prep methods pobj of prep Application prep to pobj Chemical
,Species pobj of prep DNA dobj transforming prep by pobj enzyme relcl splits dobj bonds compound guanine compound Chemical
,Species pobj of prep DNA dobj transforming prep by pobj enzyme relcl splits dobj bonds compound Chemical
,Species compound kinetoplast acl induced agent by pobj interaction prep of pobj drug appos Chemical
,Species pobj of prep forms acl induced agent by pobj Chemical
,Species pobj of prep susceptibility pobj of prep study pobj to prep methods pobj of prep Application prep to pobj Chemical
Bacillus_subtilis guanine,Species pobj of prep DNA dobj transforming prep by pobj enzyme relcl splits dobj bonds compound guanine compound Chemical
Bacillus_subtilis guanine,Species pobj of prep DNA dobj transforming prep by pobj enzyme relcl splits dobj bonds compound Chemical
Trypanosoma_cruzi hydroxystilbamidine,Species compound kinetoplast acl induced agent by pobj interaction prep of pobj drug appos Chemical
Escherichia_coli penicillin,Species pobj of prep forms acl induced agent by pobj Chemical
yeast 5_fluorocytosine,Species pobj of prep susceptibility pobj of prep study pobj to prep methods pobj of prep Application prep to pobj Chemical
